Name,Date,Total Concentration,Viable Concentration,Dead Concentration,Total Counted,Dead Counted,Viable Counted,Viability,Average Viable Cell Size,Average Dead Cell Size,Sensitivity,Min Cell Size,Max Cell Size,Circularity Parameters
,2017.03.28 17:25,7.9E6,7.9E6,7.0E4,1573,13,1560,99%,10.8,6.4,90.0000,8,50,85
,2017.03.28 17:27,5.6E6,5.5E6,7.0E4,1105,14,1091,99%,10.9,6.8,90.0000,8,50,85
,2017.03.28 17:28,5.4E6,5.4E6,6.0E4,1075,12,1063,99%,10.5,5.8,90.0000,8,50,85
,2017.03.28 17:29,4.2E6,4.1E6,9.0E4,839,17,822,98%,11.0,6.8,90.0000,8,50,85
,2017.03.30 09:39,1.3E6,1.2E6,1.0E5,256,20,236,92%,11.9,8.1,90.0000,8,50,85
,2017.03.30 09:41,2.0E6,1.8E6,2.5E5,402,49,353,88%,12.2,9.5,90.0000,8,50,85
,2017.03.30 09:42,1.9E6,1.5E6,4.0E5,375,80,295,79%,11.7,6.7,90.0000,8,50,85
,2017.03.30 09:45,1.4E6,1.0E6,3.7E5,280,73,207,74%,11.8,7.3,90.0000,8,50,85
,2017.03.30 09:47,7.4E5,5.7E5,1.6E5,146,32,114,78%,11.3,6.7,90.0000,8,50,85
,2017.03.30 09:48,1.1E6,8.7E5,2.7E5,226,54,172,76%,12.1,6.6,90.0000,8,50,85
,2017.03.30 09:50,1.5E6,1.2E6,3.1E5,300,62,238,79%,11.2,7.3,90.0000,8,50,85
,2017.03.30 09:52,1.3E6,9.7E5,3.0E5,253,60,193,76%,11.7,7.2,90.0000,8,50,85
,2017.03.30 09:53,1.9E6,1.4E6,5.0E5,375,100,275,73%,11.8,7.9,90.0000,8,50,85
,2017.03.30 09:54,1.5E6,1.0E6,4.6E5,290,92,198,68%,12.4,7.8,90.0000,8,50,85
,2017.03.30 09:55,1.3E6,9.7E5,3.3E5,257,65,192,75%,13.2,6.8,90.0000,8,50,85
,2017.03.30 09:57,1.3E6,1.0E6,3.2E5,264,63,201,76%,11.6,6.5,90.0000,8,50,85
,2017.03.30 10:01,1.1E6,7.3E5,4.1E5,226,82,144,64%,12.1,7.7,90.0000,8,50,85
,2017.03.30 10:03,1.3E6,9.8E5,3.4E5,262,68,194,74%,11.6,6.6,90.0000,8,50,85
,2017.03.30 10:05,1.4E6,1.1E6,2.7E5,272,54,218,80%,11.7,6.8,90.0000,8,50,85
,2017.03.30 10:07,1.2E6,7.9E5,3.7E5,231,74,157,68%,12.1,7.8,90.0000,8,50,85
,2017.04.05 13:19,4.8E6,4.7E6,1.2E5,963,24,939,98%,9.2,6.2,90.0000,8,50,85
,2017.04.05 13:20,4.7E6,4.6E6,1.3E5,932,25,907,97%,9.7,7.0,90.0000,8,50,85
,2017.04.05 13:21,3.8E6,3.7E6,1.0E5,755,20,735,97%,9.7,6.8,90.0000,8,50,85
,2017.04.05 13:22,3.8E6,3.7E6,9.0E4,754,18,736,98%,9.7,6.5,90.0000,8,50,85
,2017.04.08 13:41,4.5E5,2.2E5,2.3E5,90,46,44,49%,13.0,8.7,90.0000,8,50,85
,2017.04.08 13:45,1.6E6,2.6E5,1.4E6,327,276,51,16%,19.8,11.3,90.0000,8,50,85
,2017.04.08 13:51,5.3E5,3.1E5,2.2E5,105,44,61,58%,11.0,6.8,90.0000,8,50,85
,2017.04.08 13:53,5.7E5,3.7E5,2.0E5,114,40,74,65%,11.1,6.5,90.0000,8,50,85
,2017.04.08 13:59,2.0E6,5.6E5,1.4E6,391,279,112,29%,18.2,11.4,90.0000,8,50,85
,2017.04.08 14:00,2.0E6,5.8E5,1.4E6,401,286,115,29%,19.7,11.6,90.0000,8,50,85
,2017.04.08 14:05,1.6E6,8.7E5,7.4E5,320,147,173,54%,15.8,11.4,90.0000,8,50,85
,2017.04.08 14:09,1.8E6,8.0E5,1.0E6,360,202,158,44%,16.1,12.7,90.0000,8,50,85
,2017.04.08 14:11,1.3E6,2.6E5,1.0E6,258,207,51,20%,15.5,10.3,90.0000,8,50,85
,2017.04.08 14:13,1.3E6,1.1E6,2.0E5,258,39,219,85%,13.9,13.3,90.0000,8,50,85
,2017.04.08 14:16,1.1E6,1.0E6,7.0E4,212,14,198,93%,16.5,7.6,90.0000,8,50,85
,2017.04.08 14:25,2.3E5,2.1E5,3.0E4,46,5,41,89%,12.3,16.4,90.0000,8,50,85
,2017.04.08 14:27,1.2E6,1.1E6,9.0E4,238,18,220,92%,15.4,10.1,90.0000,8,50,85
,2017.04.08 14:29,5.7E5,4.9E5,9.0E4,114,17,97,85%,14.9,8.8,90.0000,8,50,85
,2017.04.08 14:30,3.0E5,2.0E5,1.1E5,60,21,39,65%,13.8,17.3,90.0000,8,50,85
,2017.04.08 14:33,1.7E6,1.6E6,1.2E5,331,23,308,93%,14.8,9.3,90.0000,8,50,85
,2017.04.08 14:34,1.5E6,1.3E6,2.6E5,302,52,250,83%,14.9,11.3,90.0000,8,50,85
,2017.04.08 14:43,9.7E5,8.8E5,9.0E4,192,18,174,91%,14.3,10.4,90.0000,8,50,85
,2017.04.08 14:45,9.5E5,8.7E5,8.0E4,188,15,173,92%,13.8,13.4,90.0000,8,50,85
,2017.04.08 14:51,1.5E6,1.4E6,1.1E5,299,21,278,93%,16.6,13.6,90.0000,8,50,85
,2017.04.08 14:53,1.3E6,1.2E6,1.1E5,251,22,229,91%,16.3,11.3,90.0000,8,50,85
,2017.04.08 14:56,5.3E5,4.0E5,1.3E5,106,26,80,75%,13.4,16.2,90.0000,8,50,85
,2017.04.08 15:01,7.9E5,6.2E5,1.6E5,156,32,124,79%,15.1,18.3,90.0000,8,50,85
,2017.04.08 15:07,2.7E5,2.5E5,2.0E4,54,4,50,93%,13.2,18.0,90.0000,8,50,85
,2017.04.08 15:10,7.9E5,7.0E5,9.0E4,156,17,139,89%,16.9,14.0,90.0000,8,50,85
,2017.04.08 15:12,1.5E5,1.3E5,2.0E4,29,3,26,90%,12.6,4.5,90.0000,8,50,85
,2017.04.08 15:19,1.8E5,1.6E5,2.0E4,36,4,32,89%,13.8,15.3,90.0000,8,50,85
,2017.04.08 15:21,1.2E6,1.2E6,6.0E4,243,11,232,95%,15.1,7.4,90.0000,8,50,85
,2017.04.08 15:29,6.9E5,6.2E5,8.0E4,138,15,123,89%,15.2,8.5,90.0000,8,50,85
,2017.04.08 15:31,4.3E5,4.1E5,2.0E4,85,3,82,96%,13.8,5.7,90.0000,8,50,85
,2017.04.08 15:34,3.0E5,2.5E5,5.0E4,59,9,50,85%,16.4,9.7,90.0000,8,50,85
,2017.04.08 15:38,6.9E5,6.3E5,7.0E4,138,13,125,91%,15.8,6.7,90.0000,8,50,85
,2017.04.08 15:42,8.3E5,5.6E5,2.7E5,165,54,111,67%,16.8,18.2,90.0000,8,50,85
,2017.04.08 15:43,1.2E6,1.1E6,1.1E5,235,22,213,91%,15.5,6.9,90.0000,8,50,85
,2017.04.08 15:47,8.3E5,7.3E5,1.0E5,164,20,144,88%,16.3,15.6,90.0000,8,50,85
,2017.04.08 15:52,1.2E6,1.1E6,1.2E5,232,23,209,90%,17.1,7.2,90.0000,8,50,85
,2017.04.08 15:53,4.4E5,4.2E5,2.0E4,88,4,84,95%,13.7,5.6,90.0000,8,50,85
,2017.04.08 16:06,7.7E5,7.5E5,2.0E4,152,4,148,97%,15.4,6.8,90.0000,8,50,85
,2017.04.08 16:08,4.2E5,3.7E5,6.0E4,84,11,73,87%,13.7,9.9,90.0000,8,50,85
,2017.04.08 16:16,3.6E5,3.5E5,1.0E4,71,1,70,99%,14.4,6.4,90.0000,8,50,85
,2017.04.08 16:17,3.7E5,3.4E5,3.0E4,73,5,68,93%,17.1,6.7,90.0000,8,50,85
,2017.04.08 16:19,1.2E6,1.0E6,1.5E5,236,29,207,88%,17.2,10.8,90.0000,8,50,85
,2017.04.08 16:20,4.9E5,4.6E5,4.0E4,98,7,91,93%,16.7,9.5,90.0000,8,50,85
,2017.04.08 16:28,5.0E5,4.5E5,6.0E4,100,11,89,89%,17.3,16.3,90.0000,8,50,85
,2017.04.08 16:30,4.8E5,4.2E5,6.0E4,96,12,84,88%,18.8,11.3,90.0000,8,50,85
,2017.04.17 17:13,3.6E6,3.4E6,1.7E5,711,34,677,95%,14.6,11.2,90.0000,8,50,85
,2017.04.17 17:14,3.1E6,3.0E6,1.2E5,614,23,591,96%,15.1,10.4,90.0000,8,50,85
,2017.04.17 17:15,3.0E6,2.9E6,7.0E4,586,14,572,98%,16.1,9.2,90.0000,8,50,85
,2017.04.17 17:16,3.2E6,3.1E6,5.0E4,627,10,617,98%,15.3,7.6,90.0000,8,50,85
,2017.04.18 09:56,9.2E5,9.2E5,0.0E4,183,0,183,100%,14.3,4.7,90.0000,8,50,85
,2017.04.18 09:57,8.6E5,8.3E5,3.0E4,170,6,164,96%,14.7,10.1,90.0000,8,50,85
,2017.04.19 09:44,4.0E6,3.9E6,8.0E4,787,15,772,98%,14.8,6.5,90.0000,8,50,85
,2017.04.19 17:39,3.3E6,1.8E6,1.5E6,665,306,359,54%,16.7,12.9,90.0000,8,50,85
,2017.04.19 17:42,4.7E6,4.7E6,4.0E4,933,7,926,99%,10.1,6.2,90.0000,8,50,85
,2017.04.19 17:43,3.8E6,3.8E6,2.0E4,751,4,747,99%,10.9,5.6,90.0000,8,50,85
,2017.04.19 17:44,3.2E6,3.1E6,6.0E4,635,11,624,98%,10.7,5.8,90.0000,8,50,85
,2017.04.19 17:45,3.2E6,3.2E6,4.0E4,636,8,628,99%,10.5,7.6,90.0000,8,50,85
,2017.04.24 10:29,1.6E6,1.4E6,2.4E5,319,47,272,85%,10.9,7.8,90.0000,8,50,85
,2017.04.24 10:33,1.7E6,1.4E6,2.3E5,331,45,286,86%,11.4,8.2,90.0000,8,50,85
,2017.04.24 11:33,1.8E6,1.8E6,4.0E4,366,7,359,98%,9.3,6.5,90.0000,8,50,85
,2017.04.24 11:34,2.4E6,2.3E6,7.0E4,479,13,466,97%,9.3,6.9,90.0000,8,50,85
,2017.04.24 15:31,4.8E6,4.7E6,1.0E5,951,19,932,98%,9.5,6.4,90.0000,8,50,85
,2017.04.24 15:32,3.7E6,3.7E6,7.0E4,738,13,725,98%,9.9,7.7,90.0000,8,50,85
,1999.04.23 19:53,3.9E6,3.8E6,7.0E4,772,13,759,98%,9.9,6.3,90.0000,8,50,85
,2017.04.24 15:34,4.1E6,3.9E6,1.2E5,805,23,782,97%,10.1,7.1,90.0000,8,50,85
,2017.04.26 13:33,5.4E5,5.0E5,4.0E4,107,8,99,93%,13.1,9.9,90.0000,8,50,85
,2017.05.02 15:30,9.6E5,9.0E5,6.0E4,190,11,179,94%,11.6,7.6,90.0000,8,50,85
,2017.05.03 11:54,8.0E5,7.7E5,3.0E4,159,6,153,96%,12.7,5.7,90.0000,8,50,85
,2017.05.04 11:58,1.0E6,9.8E5,2.0E4,198,3,195,98%,11.9,7.8,90.0000,8,50,85
,2017.05.09 14:41,7.9E5,7.2E5,7.0E4,156,13,143,92%,10.8,8.0,90.0000,8,50,85
,2017.05.09 14:45,1.0E6,9.4E5,8.0E4,203,16,187,92%,10.6,7.0,90.0000,8,50,85
,2017.05.12 10:22,9.0E5,6.7E5,2.2E5,178,44,134,75%,11.3,8.2,90.0000,8,50,85
,2017.05.12 10:36,1.1E6,8.5E5,2.2E5,213,44,169,79%,11.5,7.4,90.0000,8,50,85
,2017.05.12 10:44,9.9E5,5.9E5,4.0E5,197,80,117,59%,12.1,6.8,90.0000,8,50,85
,2017.05.12 10:53,8.4E5,4.3E5,4.1E5,167,81,86,51%,11.5,5.8,90.0000,8,50,85
,2017.05.18 09:38,7.2E5,7.0E5,2.0E4,143,4,139,97%,12.8,7.6,90.0000,8,50,85
,2017.05.18 09:41,6.2E5,5.6E5,6.0E4,123,12,111,90%,12.4,6.4,90.0000,8,50,85
,2017.05.18 09:43,6.5E5,6.2E5,3.0E4,129,6,123,95%,12.7,8.9,90.0000,8,50,85
,2017.05.18 09:44,5.8E5,5.8E5,0.0E4,116,0,116,100%,12.7,4.0,90.0000,8,50,85
,2017.05.19 10:32,7.8E5,7.7E5,1.0E4,154,2,152,99%,12.6,5.4,90.0000,8,50,85
,2017.05.19 10:33,9.4E5,8.7E5,7.0E4,186,13,173,93%,12.5,10.3,90.0000,8,50,85
,2017.05.19 10:38,8.8E5,8.7E5,2.0E4,175,3,172,98%,12.7,7.8,90.0000,8,50,85
,2017.05.19 10:40,1.4E6,1.3E6,1.8E5,287,35,252,88%,13.1,13.6,90.0000,8,50,85
,2017.05.31 12:13,3.7E5,3.5E5,2.0E4,73,3,70,96%,16.6,12.4,90.0000,8,50,85
,2017.05.31 12:14,9.0E4,7.0E4,2.0E4,18,4,14,78%,20.2,20.5,90.0000,8,50,85
,2017.05.31 12:16,2.3E5,2.1E5,2.0E4,46,4,42,91%,12.3,8.1,90.0000,8,50,85
,2017.06.05 15:38,4.3E6,4.2E6,6.0E4,854,12,842,99%,12.8,11.9,90.0000,8,50,85
,2017.06.05 15:40,3.0E6,3.0E6,2.0E4,597,3,594,99%,12.9,5.5,90.0000,8,50,85
,2017.06.05 15:41,2.2E6,2.1E6,4.0E4,433,7,426,98%,14.5,8.8,90.0000,8,50,85
,2017.06.05 15:42,3.2E6,3.2E6,3.0E4,636,6,630,99%,13.6,7.1,90.0000,8,50,85
,2017.06.05 15:43,1.9E6,1.8E6,7.0E4,378,13,365,97%,14.8,11.4,90.0000,8,50,85
,2017.06.05 15:44,1.9E6,1.9E6,3.0E4,384,6,378,98%,16.8,9.6,90.0000,8,50,85
,2017.06.06 12:00,6.1E5,5.5E5,6.0E4,121,12,109,90%,21.0,20.8,90.0000,8,50,85
,2017.06.06 12:01,1.6E5,1.4E5,2.0E4,31,4,27,87%,14.5,22.2,90.0000,8,50,85
,2017.06.11 09:21,9.3E5,9.0E5,3.0E4,184,6,178,97%,14.0,14.8,90.0000,8,50,85
,2017.06.12 08:28,1.4E6,1.3E6,2.0E4,271,3,268,99%,13.6,6.6,90.0000,8,50,85
,2017.06.12 15:30,2.0E6,2.0E6,1.0E4,403,2,401,100%,12.4,8.6,90.0000,8,50,85
,2017.06.12 15:31,2.3E6,2.3E6,1.0E4,454,1,453,100%,13.8,6.2,90.0000,8,50,85
,2017.06.12 15:32,1.4E6,1.4E6,1.0E4,276,1,275,100%,12.1,8.3,90.0000,8,50,85
,2017.06.12 15:35,1.9E6,1.9E6,1.0E4,385,1,384,100%,12.1,5.0,90.0000,8,50,85
,2017.06.13 11:50,1.5E6,1.2E6,2.5E5,292,50,242,83%,10.4,8.0,90.0000,8,50,85
,2017.06.13 11:52,2.5E6,2.4E6,9.0E4,501,18,483,96%,13.8,5.9,90.0000,8,50,85
,2017.06.13 12:43,3.7E6,3.7E6,4.0E4,732,7,725,99%,11.7,10.7,90.0000,8,50,85
,2017.06.13 12:45,2.9E6,2.9E6,2.0E4,580,4,576,99%,11.5,7.9,90.0000,8,50,85
,2017.06.13 13:06,1.3E6,1.3E6,2.0E4,257,4,253,98%,15.5,7.3,90.0000,8,50,85
,2017.06.13 13:07,9.0E5,8.8E5,3.0E4,179,5,174,97%,15.9,12.1,90.0000,8,50,85
,2017.06.13 17:07,3.1E6,2.8E6,2.6E5,609,51,558,92%,14.0,11.9,90.0000,8,50,85
,2017.06.13 17:08,3.1E6,3.0E6,6.0E4,616,12,604,98%,13.8,8.8,90.0000,8,50,85
,2017.06.13 17:09,2.2E6,2.1E6,1.4E5,441,27,414,94%,16.7,11.5,90.0000,8,50,85
,2017.06.14 09:49,1.1E6,1.1E6,0.0E4,209,0,209,100%,15.8,3.5,90.0000,8,50,85
,2017.06.14 16:53,2.1E6,1.9E6,2.3E5,422,46,376,89%,15.6,11.4,90.0000,8,50,85
,2017.06.14 17:39,2.0E6,1.9E6,1.3E5,406,26,380,94%,14.1,11.0,90.0000,8,50,85
,2017.06.14 17:40,1.9E6,1.9E6,5.0E4,387,9,378,98%,13.7,8.7,90.0000,8,50,85
,2017.06.15 14:24,1.3E6,1.3E6,2.0E4,268,3,265,99%,13.2,9.9,90.0000,8,50,85
,2017.06.15 14:29,2.0E6,1.9E6,3.0E4,390,6,384,98%,13.4,10.9,90.0000,8,50,85
,2017.06.15 14:30,1.8E6,1.8E6,2.0E4,362,3,359,99%,14.8,6.4,90.0000,8,50,85
,2017.06.15 14:32,1.5E6,1.4E6,4.0E4,292,8,284,97%,13.2,10.4,90.0000,8,50,85
,2017.06.16 12:19,1.0E6,1.0E6,4.0E4,206,7,199,97%,15.3,10.2,90.0000,8,50,85
,2017.06.19 18:05,2.3E6,2.3E6,3.0E4,458,5,453,99%,11.5,6.1,90.0000,8,50,85
,2017.06.19 18:06,2.1E6,2.1E6,1.0E4,415,2,413,100%,12.2,5.6,90.0000,8,50,85
,2017.06.19 18:07,1.9E6,1.9E6,1.0E4,380,2,378,99%,12.9,5.1,90.0000,8,50,85
,2017.06.19 18:08,1.9E6,1.9E6,1.0E4,385,1,384,100%,12.5,5.3,90.0000,8,50,85
,2017.06.19 18:09,1.8E6,1.8E6,2.0E4,356,3,353,99%,12.8,9.0,90.0000,8,50,85
,2017.06.20 17:19,5.4E5,5.3E5,1.0E4,107,2,105,98%,11.2,21.0,90.0000,8,50,85
,2017.06.20 17:22,3.4E5,3.3E5,1.0E4,68,2,66,97%,12.3,6.0,90.0000,8,50,85
,2017.06.20 17:24,3.9E5,3.8E5,2.0E4,78,3,75,96%,12.3,8.6,90.0000,8,50,85
,2017.06.20 17:25,5.7E5,5.6E5,1.0E4,113,2,111,98%,12.5,6.0,90.0000,8,50,85
,2017.06.20 17:26,2.0E5,1.7E5,4.0E4,40,7,33,83%,12.3,9.8,90.0000,8,50,85
,2017.06.21 11:51,1.5E6,1.2E6,2.4E5,294,48,246,84%,9.6,7.4,90.0000,8,50,85
,2017.06.21 11:54,2.3E6,2.1E6,1.9E5,462,38,424,92%,10.2,6.8,90.0000,8,50,85
,2017.06.23 10:34,2.1E6,2.1E6,0.0E4,408,0,408,100%,12.4,5.3,90.0000,8,50,85
,2017.06.23 10:35,1.7E6,1.7E6,3.0E4,345,6,339,98%,12.3,7.7,90.0000,8,50,85
,2017.06.23 11:17,1.4E6,1.4E6,1.0E4,277,2,275,99%,12.4,5.5,90.0000,8,50,85
,2017.06.23 11:19,2.5E6,2.5E6,1.0E4,499,1,498,100%,11.7,6.3,90.0000,8,50,85
,2017.06.23 11:46,2.3E6,2.3E6,2.0E4,460,4,456,99%,13.1,5.6,90.0000,8,50,85
,2017.06.26 14:07,2.7E6,2.7E6,1.0E4,540,2,538,100%,11.5,6.8,90.0000,8,50,85
,2017.06.26 14:11,2.7E6,2.7E6,2.0E4,545,4,541,99%,11.2,6.3,90.0000,8,50,85
,2017.06.26 15:05,2.3E6,2.3E6,4.0E4,465,7,458,98%,12.2,6.1,90.0000,8,50,85
,2017.06.26 15:06,2.5E6,2.5E6,3.0E4,504,5,499,99%,11.8,5.1,90.0000,8,50,85
,2017.06.26 15:50,3.8E6,3.8E6,2.0E4,756,4,752,99%,11.4,5.4,90.0000,8,50,85
,2017.06.27 11:35,1.3E6,1.1E6,1.7E5,253,34,219,87%,10.7,7.0,90.0000,8,50,85
,2017.06.27 11:37,1.7E6,1.4E6,2.9E5,339,57,282,83%,9.5,6.7,90.0000,8,50,85
,2017.06.27 15:11,3.1E6,3.1E6,2.0E4,611,4,607,99%,11.5,5.0,90.0000,8,50,85
,2017.06.27 15:13,3.4E6,3.4E6,1.0E4,677,2,675,100%,12.2,5.8,90.0000,8,50,85
,2017.06.27 16:05,3.8E6,3.7E6,4.0E4,751,8,743,99%,11.9,7.6,90.0000,8,50,85
,2017.06.27 16:06,2.8E6,2.8E6,2.0E4,565,3,562,99%,12.4,5.3,90.0000,8,50,85
,2017.06.27 16:07,2.8E6,2.8E6,4.0E4,562,7,555,99%,15.1,9.3,90.0000,8,50,85
,2017.06.27 16:40,2.7E6,2.5E6,1.7E5,529,33,496,94%,15.7,12.0,90.0000,8,50,85
,2017.06.28 09:21,6.6E5,6.5E5,1.0E4,131,2,129,98%,14.2,7.8,90.0000,8,50,85
,2017.06.28 09:24,7.8E5,7.7E5,1.0E4,155,2,153,99%,14.3,17.8,90.0000,8,50,85
,2017.06.29 14:08,1.7E6,1.7E6,2.0E4,347,3,344,99%,14.5,7.0,90.0000,8,50,85
,2017.06.30 15:12,1.0E6,1.0E6,3.0E4,208,6,202,97%,15.7,9.2,90.0000,8,50,85
,2017.07.02 09:52,1.2E6,1.2E6,2.0E4,247,4,243,98%,15.5,10.6,90.0000,8,50,85
,2017.07.03 15:01,2.9E6,2.8E6,1.3E5,585,26,559,96%,13.4,10.9,90.0000,8,50,85
,2017.07.03 15:02,2.2E6,2.1E6,1.1E5,437,21,416,95%,13.9,10.3,90.0000,8,50,85
,2017.07.03 15:03,2.0E6,2.0E6,2.0E4,403,4,399,99%,13.6,8.3,90.0000,8,50,85
,2017.07.03 15:04,2.3E6,2.3E6,0.0E4,459,0,459,100%,12.7,4.0,90.0000,8,50,85
,2017.07.03 15:05,2.1E6,2.0E6,7.0E4,412,14,398,97%,13.7,9.0,90.0000,8,50,85
,2017.07.05 16:42,9.5E5,9.4E5,1.0E4,188,2,186,99%,13.2,8.0,90.0000,8,50,85
,2017.07.05 16:44,1.1E6,1.1E6,3.0E4,215,6,209,97%,13.9,9.8,90.0000,8,50,85
,2017.07.05 17:49,1.7E6,1.5E6,1.9E5,343,37,306,89%,14.4,12.4,90.0000,8,50,85
,2017.07.05 17:50,1.1E6,1.1E6,2.0E4,218,3,215,99%,13.4,9.5,90.0000,8,50,85
,2017.07.05 17:53,1.0E6,9.8E5,6.0E4,205,11,194,95%,15.3,11.1,90.0000,8,50,85
,2017.07.06 12:22,1.3E6,1.3E6,6.0E4,267,11,256,96%,13.0,14.8,90.0000,8,50,85
,2017.07.10 14:28,2.8E6,2.7E6,2.0E4,548,4,544,99%,11.2,6.4,90.0000,8,50,85
,2017.07.10 14:29,2.3E6,2.3E6,2.0E4,451,3,448,99%,11.5,8.1,90.0000,8,50,85
,2017.07.10 14:32,2.4E6,2.4E6,2.0E4,474,3,471,99%,12.3,6.0,90.0000,8,50,85
,2017.07.10 15:36,2.7E6,2.6E6,2.0E4,529,4,525,99%,12.5,6.4,90.0000,8,50,85
,2017.07.10 15:37,3.0E6,3.0E6,1.0E4,600,2,598,100%,12.5,4.8,90.0000,8,50,85
,2017.07.11 11:36,1.2E6,1.0E6,1.7E5,236,33,203,86%,11.5,7.2,90.0000,8,50,85
,2017.07.11 11:37,2.8E6,2.4E6,3.5E5,554,69,485,88%,10.4,7.5,90.0000,8,50,85
,2017.07.11 17:31,2.9E6,2.9E6,1.0E4,576,1,575,100%,12.3,5.0,90.0000,8,50,85
,2017.07.11 17:32,2.3E6,2.3E6,1.0E4,455,2,453,100%,12.6,5.3,90.0000,8,50,85
,2017.07.11 17:34,2.9E6,2.9E6,2.0E4,571,4,567,99%,12.3,5.2,90.0000,8,50,85
,2017.07.11 18:05,2.4E6,2.4E6,1.0E4,475,2,473,100%,13.0,12.0,90.0000,8,50,85
,2017.07.11 18:06,2.4E6,2.4E6,0.0E4,483,0,483,100%,12.6,4.3,90.0000,8,50,85
,2017.07.12 14:43,2.9E6,2.9E6,2.0E4,584,3,581,99%,12.6,5.5,90.0000,8,50,85
,2017.07.12 14:46,2.9E6,2.9E6,1.0E4,576,2,574,100%,11.6,5.5,90.0000,8,50,85
,2017.07.12 14:48,3.2E6,3.2E6,3.0E4,634,6,628,99%,12.0,7.1,90.0000,8,50,85
,2017.07.12 15:24,3.7E6,3.7E6,2.0E4,738,4,734,99%,12.5,6.1,90.0000,8,50,85
,2017.07.12 15:25,3.7E6,3.7E6,1.0E4,743,1,742,100%,12.2,6.6,90.0000,8,50,85
,2017.07.13 12:25,2.7E6,2.7E6,4.0E4,541,7,534,99%,11.6,6.2,90.0000,8,50,85
,2017.07.17 12:58,1.1E6,1.1E6,3.0E4,215,6,209,97%,11.5,6.7,90.0000,8,50,85
,2017.07.17 17:39,1.7E6,1.7E6,2.0E4,334,3,331,99%,11.0,5.4,90.0000,8,50,85
,2017.07.17 17:41,2.3E6,2.3E6,5.0E4,456,9,447,98%,10.5,8.1,90.0000,8,50,85
,2017.07.17 17:43,1.9E6,1.9E6,3.0E4,379,6,373,98%,10.4,6.3,90.0000,8,50,85
,2017.07.17 18:21,1.7E6,1.7E6,2.0E4,341,4,337,99%,9.6,9.0,90.0000,8,50,85
,2017.07.17 18:22,1.8E6,1.8E6,0.0E4,358,0,358,100%,10.6,5.0,90.0000,8,50,85
,2017.07.18 15:37,2.0E4,1.0E4,1.0E4,3,1,2,67%,22.5,6.9,90.0000,8,50,85
,2017.07.25 12:11,3.0E6,1.7E6,1.4E6,600,270,330,55%,12.6,5.7,90.0000,8,50,85
,2017.07.25 12:13,3.2E6,2.1E6,1.1E6,637,221,416,65%,10.8,5.4,90.0000,8,50,85
,2017.07.25 12:14,1.6E5,1.0E5,6.0E4,32,12,20,63%,12.3,6.2,90.0000,8,50,85
,2017.07.25 12:26,4.7E5,2.0E5,2.7E5,93,54,39,42%,8.3,6.1,90.0000,8,50,85
,2017.07.25 12:28,2.3E5,7.0E4,1.6E5,45,31,14,31%,8.3,5.6,90.0000,8,50,85
,2017.07.25 12:29,2.8E6,1.4E6,1.4E6,557,276,281,50%,10.1,5.5,90.0000,8,50,85
,2017.07.25 16:50,4.1E6,4.1E6,2.0E4,818,4,814,100%,10.9,6.6,90.0000,8,50,85
,2017.07.25 16:51,3.0E6,3.0E6,2.0E4,592,3,589,99%,10.9,6.6,90.0000,8,50,85
,2017.07.25 16:54,2.6E6,2.6E6,3.0E4,523,5,518,99%,11.3,5.5,90.0000,8,50,85
,2017.07.25 16:55,2.7E6,2.6E6,4.0E4,533,7,526,99%,11.0,10.5,90.0000,8,50,85
,2017.07.25 16:56,2.4E6,2.4E6,3.0E4,473,5,468,99%,11.4,7.5,90.0000,8,50,85
,2017.07.31 11:49,1.2E6,1.2E6,4.0E4,246,7,239,97%,11.9,7.8,90.0000,8,50,85
,2017.08.02 10:10,1.8E6,1.2E6,5.9E5,349,118,231,66%,9.8,5.6,90.0000,8,50,85
,2017.08.02 10:12,1.2E6,9.2E5,2.7E5,236,53,183,78%,12.2,5.7,90.0000,8,50,85
,2017.08.02 10:38,3.2E6,3.1E6,1.9E5,645,37,608,94%,10.8,4.9,90.0000,8,50,85
,2017.08.02 14:55,2.3E6,2.3E6,4.0E4,455,7,448,98%,10.3,7.7,90.0000,8,50,85
,2017.08.02 14:57,2.3E6,2.3E6,1.0E4,462,2,460,100%,11.0,6.2,90.0000,8,50,85
,2017.08.02 14:58,2.4E6,2.4E6,5.0E4,476,9,467,98%,11.2,8.8,90.0000,8,50,85
,2017.08.02 15:01,2.4E6,2.4E6,5.0E4,476,9,467,98%,10.7,9.0,90.0000,8,50,85
,2017.08.02 15:02,2.2E6,2.1E6,1.1E5,443,21,422,95%,11.0,9.6,90.0000,2,50,85
85
,2016.10.27 15:07,5.4E6,5.1E6,3.4E5,1080,67,1013,94%,8.6,4.2,90.0000,8,50,85
,2016.10.27 15:08,3.6E6,3.1E6,5.1E5,720,101,619,86%,8.4,5.1,90.0000,8,50,85
,2016.10.27 15:10,4.4E6,4.2E6,2.2E5,878,43,835,95%,8.4,4.3,90.0000,8,50,85
,2016.10.31 09:07,2.2E6,2.2E6,3.0E4,439,6,433,99%,10.7,7.5,90.0000,8,50,85
,2016.10.31 13:12,7.0E5,6.8E5,2.0E4,139,4,135,97%,14.9,5.5,90.0000,8,50,85
,2016.10.31 13:25,6.7E5,6.5E5,2.0E4,133,4,129,97%,15.0,5.8,90.0000,8,50,85
,2016.11.01 14:11,5.7E5,5.5E5,2.0E4,113,3,110,97%,13.4,9.3,90.0000,8,50,85
,2016.11.01 14:12,5.9E5,5.6E5,4.0E4,118,7,111,94%,14.5,6.7,90.0000,8,50,85
,2016.11.01 14:13,5.5E5,5.2E5,3.0E4,109,5,104,95%,13.3,12.8,90.0000,8,50,85
,2016.11.01 14:15,6.1E5,6.0E5,1.0E4,121,1,120,99%,14.5,5.1,90.0000,8,50,85
,2016.11.01 14:16,6.9E5,6.8E5,1.0E4,138,2,136,99%,12.5,5.8,90.0000,8,50,85
,2016.11.01 14:17,6.7E5,6.6E5,2.0E4,134,3,131,98%,12.4,7.0,90.0000,8,50,85
,2016.11.01 14:19,7.0E5,6.9E5,1.0E4,139,2,137,99%,13.0,5.5,90.0000,8,50,85
,2016.11.01 14:20,6.4E5,6.4E5,1.0E4,128,1,127,99%,13.9,6.7,90.0000,8,50,85
,2016.11.01 14:22,6.2E5,6.1E5,1.0E4,123,1,122,99%,13.5,5.4,90.0000,8,50,85
,2016.11.01 14:23,7.7E5,7.4E5,3.0E4,152,5,147,97%,13.7,12.7,90.0000,8,50,85
,2016.11.01 14:26,6.5E5,6.4E5,1.0E4,129,2,127,98%,12.3,7.3,90.0000,8,50,85
,2016.11.01 14:27,5.5E5,5.3E5,2.0E4,109,4,105,96%,12.7,5.3,90.0000,8,50,85
,2016.11.02 10:21,7.4E5,7.2E5,2.0E4,146,3,143,98%,13.7,6.8,90.0000,8,50,85
,2016.11.02 10:43,2.1E6,2.1E6,4.0E4,420,7,413,98%,13.0,6.5,90.0000,8,50,85
,2016.11.04 14:24,2.5E6,2.4E6,8.0E4,488,15,473,97%,8.1,4.2,90.0000,8,50,85
,2016.11.04 14:26,3.4E6,3.3E6,1.0E5,683,19,664,97%,8.0,4.1,90.0000,8,50,85
,2016.11.04 14:27,1.4E6,1.4E6,1.0E4,281,1,280,100%,7.4,3.8,90.0000,8,50,85
,2016.11.04 14:29,1.3E6,1.3E6,2.0E4,262,4,258,98%,7.8,3.7,90.0000,8,50,85
,2016.11.07 10:25,1.1E6,1.1E6,3.0E4,226,6,220,97%,9.1,7.3,90.0000,8,50,85
,2016.11.07 10:26,1.0E6,9.1E5,1.3E5,206,25,181,88%,8.3,8.2,90.0000,8,50,85
,2016.11.07 12:42,1.5E6,1.4E6,3.0E4,293,6,287,98%,13.3,6.7,90.0000,8,50,85
,2016.11.08 09:56,1.2E6,1.2E6,3.0E4,240,5,235,98%,12.6,6.3,90.0000,8,50,85
,2016.11.08 09:58,1.1E6,1.0E6,3.0E4,211,5,206,98%,13.1,6.9,90.0000,8,50,85
,2016.11.08 09:59,1.0E6,9.5E5,5.0E4,198,9,189,95%,12.7,8.8,90.0000,8,50,85
,2016.11.08 10:01,8.2E5,7.9E5,3.0E4,163,6,157,96%,12.5,7.1,90.0000,8,50,85
,2016.11.08 10:03,6.6E5,6.4E5,2.0E4,131,3,128,98%,12.4,8.2,90.0000,8,50,85
,2016.11.08 10:05,7.4E5,7.3E5,1.0E4,147,2,145,99%,12.2,9.0,90.0000,8,50,85
,2016.11.08 10:06,8.7E5,8.5E5,2.0E4,172,4,168,98%,12.9,7.1,90.0000,8,50,85
,2016.11.08 10:07,9.3E5,9.1E5,3.0E4,185,5,180,97%,12.3,7.7,90.0000,8,50,85
,2016.11.08 10:09,5.5E5,5.4E5,2.0E4,110,3,107,97%,12.9,5.8,90.0000,8,50,85
,2016.11.08 10:11,6.9E5,6.6E5,3.0E4,138,6,132,96%,12.4,7.9,90.0000,8,50,85
,2016.11.08 10:12,6.4E5,6.3E5,1.0E4,128,2,126,98%,13.0,4.9,90.0000,8,50,85
,2016.11.08 10:15,9.3E5,9.2E5,2.0E4,185,3,182,98%,12.8,8.7,90.0000,8,50,85
,2016.11.08 10:16,8.9E5,8.7E5,2.0E4,177,4,173,98%,12.5,7.9,90.0000,8,50,85
,2016.11.08 10:17,6.2E5,6.0E5,3.0E4,124,5,119,96%,13.5,6.1,90.0000,8,50,85
,2016.11.08 10:18,6.5E5,6.2E5,3.0E4,129,6,123,95%,13.6,9.7,90.0000,8,50,85
,2016.11.08 10:20,7.8E5,7.6E5,2.0E4,155,4,151,97%,12.9,7.3,90.0000,8,50,85
,2016.11.08 12:15,1.5E6,1.4E6,5.0E4,288,9,279,97%,12.2,7.7,90.0000,8,50,85
,2016.11.08 12:17,1.7E6,1.6E6,8.0E4,333,15,318,95%,11.7,6.7,90.0000,8,50,85
,2016.11.08 12:19,1.5E6,1.4E6,9.0E4,299,17,282,94%,11.1,6.9,90.0000,8,50,85
,2016.11.08 12:25,1.7E6,1.6E6,9.0E4,332,17,315,95%,11.4,6.6,90.0000,8,50,85
,2016.11.08 12:27,2.5E6,1.5E6,1.0E6,502,206,296,59%,11.9,5.8,90.0000,8,50,85
,2016.11.08 12:28,1.4E6,1.3E6,1.3E5,279,25,254,91%,11.3,6.7,90.0000,8,50,85
,2016.11.08 12:30,1.3E6,1.2E6,6.0E4,256,11,245,96%,12.1,5.6,90.0000,8,50,85
,2016.11.08 12:31,1.4E6,1.4E6,7.0E4,284,14,270,95%,11.0,5.6,90.0000,8,50,85
,2016.11.08 12:32,1.5E6,1.4E6,1.0E5,292,19,273,93%,11.0,6.5,90.0000,8,50,85
,2016.11.08 12:34,1.3E6,1.2E6,1.0E5,266,20,246,92%,11.2,6.7,90.0000,8,50,85
,2016.11.08 12:37,9.7E5,8.5E5,1.3E5,193,25,168,87%,10.7,7.7,90.0000,8,50,85
,2016.11.08 12:38,1.3E6,1.2E6,7.0E4,259,13,246,95%,11.5,6.1,90.0000,8,50,85
,2016.11.08 12:42,1.0E6,9.4E5,6.0E4,199,12,187,94%,12.2,7.6,90.0000,8,50,85
,2016.11.08 12:43,1.5E6,1.5E6,4.0E4,298,8,290,97%,12.7,6.4,90.0000,8,50,85
,2016.11.08 12:44,1.5E6,1.4E6,9.0E4,304,18,286,94%,11.5,5.9,90.0000,8,50,85
,2016.11.08 12:46,1.6E6,1.5E6,3.0E4,312,6,306,98%,12.5,5.5,90.0000,8,50,85
,2016.11.08 15:17,9.0E4,7.0E4,2.0E4,17,3,14,82%,12.9,7.7,90.0000,8,50,85
,2016.11.08 15:19,2.8E5,2.5E5,3.0E4,56,6,50,89%,12.9,11.4,90.0000,8,50,85
,2016.11.08 15:20,2.8E5,2.3E5,5.0E4,56,10,46,82%,12.5,13.9,90.0000,8,50,85
,2016.11.08 15:21,8.0E4,7.0E4,1.0E4,16,2,14,88%,17.8,19.8,90.0000,8,50,85
,2016.11.08 15:31,3.2E5,3.1E5,1.0E4,64,2,62,97%,12.8,13.5,90.0000,8,50,85
,2016.11.08 15:32,8.3E5,8.1E5,2.0E4,165,4,161,98%,16.0,15.6,90.0000,8,50,85
,2016.11.08 15:47,2.5E5,2.2E5,3.0E4,49,5,44,90%,13.0,12.1,90.0000,8,50,85
,2016.11.08 15:48,2.1E5,1.9E5,2.0E4,42,4,38,90%,13.4,12.3,90.0000,8,50,85
,2016.11.08 15:49,1.4E5,1.3E5,1.0E4,27,2,25,93%,14.9,7.8,90.0000,8,50,85
,2016.11.08 15:51,1.8E5,1.6E5,3.0E4,36,5,31,86%,14.5,12.6,90.0000,8,50,85
,2016.11.08 15:52,1.4E5,1.0E5,4.0E4,27,8,19,70%,13.7,12.8,90.0000,8,50,85
,2016.11.08 15:53,1.0E5,7.0E4,3.0E4,20,6,14,70%,11.3,7.5,90.0000,8,50,85
,2016.11.10 10:26,1.2E6,1.2E6,2.0E4,239,3,236,99%,14.0,8.2,90.0000,8,50,85
,2016.11.10 11:27,1.2E6,1.2E6,3.0E4,246,5,241,98%,13.0,8.3,90.0000,8,50,85
,2016.11.11 11:18,4.2E5,4.0E5,2.0E4,83,4,79,95%,13.8,13.8,90.0000,8,50,85
,2016.11.11 11:20,4.5E5,4.2E5,3.0E4,90,6,84,93%,13.4,14.1,90.0000,8,50,85
,2016.11.11 11:22,3.1E5,2.7E5,4.0E4,62,8,54,87%,13.2,23.1,90.0000,8,50,85
,2016.11.11 11:25,3.8E5,3.6E5,2.0E4,75,3,72,96%,13.9,31.7,90.0000,8,50,85
,2016.11.11 11:27,3.4E5,3.1E5,3.0E4,68,6,62,91%,14.8,11.8,90.0000,8,50,85
,2016.11.11 11:29,3.5E5,3.3E5,2.0E4,70,4,66,94%,14.0,7.1,90.0000,8,50,85
,2016.11.11 11:31,4.6E5,4.2E5,4.0E4,91,7,84,92%,12.9,13.4,90.0000,8,50,85
,2016.11.11 11:34,3.5E5,3.3E5,2.0E4,69,3,66,96%,13.1,9.4,90.0000,8,50,85
,2016.11.11 11:36,3.4E5,3.2E5,2.0E4,67,4,63,94%,12.8,11.6,90.0000,8,50,85
,2016.11.11 11:37,3.4E5,3.2E5,2.0E4,67,4,63,94%,13.0,20.0,90.0000,8,50,85
,2016.11.11 11:39,1.9E5,1.8E5,2.0E4,38,3,35,92%,14.6,11.8,90.0000,8,50,85
,2016.11.11 11:41,1.5E5,1.4E5,1.0E4,29,1,28,97%,14.1,5.8,90.0000,8,50,85
,2016.11.11 11:43,8.0E4,7.0E4,1.0E4,15,2,13,87%,14.6,10.8,90.0000,8,50,85
,2016.11.11 11:45,2.5E5,2.4E5,1.0E4,50,2,48,96%,14.0,10.8,90.0000,8,50,85
,2016.11.11 11:46,1.7E5,1.7E5,0.0E4,33,0,33,100%,13.0,5.5,90.0000,8,50,85
,2016.11.11 11:47,2.8E5,2.4E5,4.0E4,56,8,48,86%,12.9,18.1,90.0000,8,50,85
,2016.11.11 11:49,3.0E5,2.9E5,1.0E4,59,1,58,98%,13.5,5.2,90.0000,8,50,85
,2016.11.11 11:51,1.3E5,9.0E4,5.0E4,26,9,17,65%,15.3,11.2,90.0000,8,50,85
,2016.11.11 13:28,1.7E6,1.6E6,4.0E4,330,8,322,98%,12.5,7.5,90.0000,8,50,85
,2016.11.11 13:30,1.8E6,1.8E6,9.0E4,367,18,349,95%,12.4,7.6,90.0000,8,50,85
,2016.11.11 13:34,1.7E6,1.7E6,5.0E4,339,9,330,97%,12.4,5.7,90.0000,8,50,85
,2016.11.11 13:35,1.6E6,1.6E6,7.0E4,322,14,308,96%,12.5,6.5,90.0000,8,50,85
,2016.11.11 14:33,1.1E6,1.0E6,5.0E4,210,9,201,96%,13.6,7.0,90.0000,8,50,85
,2016.11.11 14:34,1.4E6,1.4E6,6.0E4,283,11,272,96%,13.6,6.5,90.0000,8,50,85
,2016.11.11 14:40,8.4E5,8.0E5,5.0E4,167,9,158,95%,12.5,5.9,90.0000,8,50,85
,2016.11.11 14:41,1.4E6,1.4E6,5.0E4,285,10,275,96%,12.8,6.4,90.0000,8,50,85
,2016.11.11 14:55,1.3E6,1.2E6,6.0E4,257,11,246,96%,13.5,7.1,90.0000,8,50,85
,2016.11.11 14:56,8.4E5,8.0E5,4.0E4,166,8,158,95%,12.5,6.6,90.0000,8,50,85
,2016.11.11 14:57,7.5E5,7.2E5,3.0E4,148,5,143,97%,12.4,5.9,90.0000,8,50,85
,2016.11.11 14:58,1.3E6,1.3E6,4.0E4,259,8,251,97%,13.2,7.3,90.0000,8,50,85
,2016.11.11 14:59,1.7E6,1.7E6,5.0E4,346,9,337,97%,13.0,6.9,90.0000,8,50,85
,2016.11.11 15:01,8.1E5,7.8E5,3.0E4,160,6,154,96%,12.3,6.7,90.0000,8,50,85
,2016.11.11 15:02,1.3E6,1.3E6,3.0E4,268,6,262,98%,12.8,9.1,90.0000,8,50,85
,2016.11.11 16:03,3.8E6,3.6E6,2.1E5,755,42,713,94%,8.0,5.0,90.0000,8,50,85
,2016.11.11 16:04,2.0E6,2.0E6,5.0E4,400,10,390,98%,7.7,4.1,90.0000,8,50,85
,2016.11.11 16:06,5.1E6,4.9E6,1.6E5,1004,31,973,97%,8.0,4.5,90.0000,8,50,85
,2016.11.11 16:07,3.9E6,3.7E6,2.0E5,782,40,742,95%,7.8,4.6,90.0000,8,50,85
,2016.11.14 10:31,3.2E6,3.2E6,2.0E4,631,4,627,99%,9.5,5.7,90.0000,8,50,85
,2016.11.14 10:32,1.8E6,1.8E6,4.0E4,363,8,355,98%,9.3,6.8,90.0000,8,50,85
,2016.11.14 14:28,1.0E6,1.0E6,3.0E4,207,6,201,97%,14.0,15.0,90.0000,8,50,85
,2016.11.14 14:33,1.1E6,1.1E6,5.0E4,224,9,215,96%,14.0,9.8,90.0000,8,50,85
,2016.11.15 15:02,1.3E6,1.2E6,5.0E4,258,10,248,96%,12.3,8.5,90.0000,8,50,85
,2016.11.15 15:09,1.4E6,1.4E6,1.0E4,274,2,272,99%,12.3,4.7,90.0000,8,50,85
,2016.11.15 15:10,1.4E6,1.4E6,5.0E4,287,9,278,97%,13.1,6.6,90.0000,8,50,85
,2016.11.15 15:11,1.7E6,1.7E6,7.0E4,342,14,328,96%,13.2,7.6,90.0000,8,50,85
,2016.11.15 15:12,1.4E6,1.3E6,6.0E4,279,12,267,96%,13.2,7.4,90.0000,8,50,85
,2016.11.15 15:14,2.4E6,2.2E6,1.1E5,468,22,446,95%,12.2,4.1,90.0000,8,50,85
,2016.11.15 15:15,1.3E6,1.2E6,9.0E4,257,17,240,93%,13.2,10.8,90.0000,8,50,85
,2016.11.15 15:16,1.5E6,1.5E6,6.0E4,303,12,291,96%,12.4,5.9,90.0000,8,50,85
,2016.11.15 15:17,1.3E6,1.3E6,5.0E4,261,10,251,96%,12.6,7.2,90.0000,8,50,85
,2016.11.15 15:19,1.3E6,1.2E6,9.0E4,253,17,236,93%,12.5,8.3,90.0000,8,50,85
,2016.11.15 15:20,1.4E6,1.3E6,9.0E4,277,18,259,94%,12.3,8.3,90.0000,8,50,85
,2016.11.15 15:21,2.1E6,2.0E6,1.4E5,425,27,398,94%,13.1,8.7,90.0000,8,50,85
,2016.11.15 15:22,1.4E6,1.4E6,4.0E4,280,8,272,97%,13.0,5.7,90.0000,8,50,85
,2016.11.15 15:23,1.6E6,1.5E6,4.0E4,313,8,305,97%,13.0,6.9,90.0000,8,50,85
,2016.11.15 15:24,1.3E6,1.3E6,6.0E4,264,11,253,96%,13.1,6.5,90.0000,8,50,85
,2016.11.15 15:25,1.2E6,1.2E6,7.0E4,247,14,233,94%,12.8,8.2,90.0000,8,50,85
,2016.11.18 15:56,2.6E6,2.4E6,1.9E5,520,38,482,93%,8.4,5.9,90.0000,8,50,85
,2016.11.18 15:57,5.3E6,5.1E6,1.5E5,1044,30,1014,97%,8.1,5.3,90.0000,8,50,85
,2016.11.18 15:59,2.9E6,2.8E6,1.2E5,573,24,549,96%,7.8,4.2,90.0000,8,50,85
,2016.11.18 16:00,4.0E6,3.9E6,9.0E4,802,18,784,98%,7.9,3.8,90.0000,8,50,85
,2016.11.21 10:37,9.7E5,9.5E5,2.0E4,192,3,189,98%,13.4,7.2,90.0000,8,50,85
,2016.11.21 10:40,1.2E6,1.2E6,3.0E4,235,6,229,97%,13.9,6.4,90.0000,8,50,85
,2016.11.22 13:11,1.8E6,1.7E6,7.0E4,348,14,334,96%,13.3,13.7,90.0000,8,50,85
,2016.11.22 13:13,8.2E5,7.6E5,7.0E4,163,13,150,92%,12.5,8.7,90.0000,8,50,85
,2016.11.22 13:15,5.6E5,5.2E5,4.0E4,111,7,104,94%,12.2,10.7,90.0000,8,50,85
,2016.11.22 13:16,8.8E5,8.7E5,1.0E4,174,2,172,99%,12.5,6.8,90.0000,8,50,85
,2016.11.22 13:18,1.3E6,1.2E6,1.0E5,257,20,237,92%,13.5,16.5,90.0000,8,50,85
,2016.11.22 13:20,1.1E6,1.0E6,7.0E4,212,13,199,94%,12.6,8.9,90.0000,8,50,85
,2016.11.22 13:21,5.5E5,5.1E5,5.0E4,110,9,101,92%,13.3,9.1,90.0000,8,50,85
,2016.11.22 13:22,5.8E5,5.7E5,2.0E4,116,3,113,97%,13.1,10.3,90.0000,8,50,85
,2016.11.22 13:23,2.3E5,2.1E5,2.0E4,45,3,42,93%,12.4,7.7,90.0000,8,50,85
,2016.11.22 13:24,2.7E5,2.6E5,1.0E4,54,2,52,96%,12.2,13.3,90.0000,8,50,85
,2016.11.22 13:25,7.4E5,7.1E5,3.0E4,146,6,140,96%,12.8,9.7,90.0000,8,50,85
,2016.11.22 13:26,5.7E5,5.5E5,2.0E4,113,3,110,97%,12.7,7.3,90.0000,8,50,85
,2016.12.01 11:13,9.0E5,8.8E5,2.0E4,179,4,175,98%,14.1,6.0,90.0000,8,50,85
,2016.12.01 11:19,8.9E5,8.7E5,2.0E4,176,3,173,98%,14.0,4.8,90.0000,8,50,85
,2016.12.01 11:27,8.4E5,8.1E5,3.0E4,166,6,160,96%,13.3,8.2,90.0000,8,50,85
,2016.12.02 16:07,2.9E6,2.7E6,2.1E5,574,41,533,93%,7.3,4.0,90.0000,8,50,85
,2016.12.02 16:09,1.8E6,1.7E6,1.4E5,362,28,334,92%,6.7,3.9,90.0000,8,50,85
,2016.12.02 16:10,4.6E6,4.2E6,3.4E5,910,68,842,93%,7.5,5.0,90.0000,8,50,85
,2016.12.02 16:12,5.3E6,4.9E6,4.2E5,1047,83,964,92%,7.6,4.6,90.0000,8,50,85
,2016.12.06 10:57,1.1E6,1.1E6,5.0E4,226,9,217,96%,12.8,6.2,90.0000,8,50,85
,2016.12.07 11:31,1.3E6,1.2E6,1.0E5,253,20,233,92%,11.9,8.3,90.0000,8,50,85
,2016.12.07 11:32,1.0E6,9.3E5,7.0E4,198,14,184,93%,11.9,7.7,90.0000,8,50,85
,2016.12.07 11:34,1.3E6,1.2E6,7.0E4,249,14,235,94%,12.2,7.5,90.0000,8,50,85
,2016.12.07 11:35,1.0E6,9.5E5,8.0E4,204,15,189,93%,12.0,7.4,90.0000,8,50,85
,2016.12.07 11:40,1.4E6,1.1E6,3.1E5,287,62,225,78%,11.5,6.7,90.0000,8,50,85
,2016.12.07 11:41,8.3E5,7.3E5,1.1E5,165,21,144,87%,10.9,10.7,90.0000,8,50,85
,2016.12.07 11:42,1.1E6,1.0E6,8.0E4,213,15,198,93%,12.1,7.3,90.0000,8,50,85
,2016.12.07 11:48,8.9E5,8.1E5,9.0E4,177,17,160,90%,11.5,9.1,90.0000,8,50,85
,2016.12.07 11:49,4.6E5,3.6E5,1.0E5,91,19,72,79%,11.7,10.3,90.0000,8,50,85
,2016.12.07 11:51,9.2E5,7.5E5,1.7E5,182,33,149,82%,12.4,11.0,90.0000,8,50,85
,2016.12.07 11:52,4.7E5,3.9E5,8.0E4,94,16,78,83%,12.2,8.8,90.0000,8,50,85
,2016.12.07 11:54,4.2E5,3.8E5,4.0E4,83,7,76,92%,12.7,10.4,90.0000,8,50,85
,2016.12.12 10:35,1.7E6,1.5E6,1.2E5,329,23,306,93%,12.5,7.2,90.0000,8,50,85
,2016.12.13 11:36,1.0E6,8.9E5,1.4E5,205,28,177,86%,12.4,6.6,90.0000,8,50,85
,2016.12.13 11:38,6.9E5,6.2E5,8.0E4,138,15,123,89%,13.4,7.1,90.0000,8,50,85
,2016.12.13 11:39,6.7E5,6.0E5,7.0E4,134,14,120,90%,12.8,9.0,90.0000,8,50,85
,2016.12.13 11:44,7.3E5,6.5E5,8.0E4,145,16,129,89%,12.9,9.2,90.0000,8,50,85
,2016.12.13 11:45,6.5E5,5.7E5,8.0E4,130,16,114,88%,12.6,9.3,90.0000,8,50,85
,2016.12.13 11:46,5.5E5,4.1E5,1.4E5,109,28,81,74%,13.0,9.2,90.0000,8,50,85
,2016.12.13 11:47,1.4E6,1.3E6,1.4E5,282,28,254,90%,14.8,11.2,90.0000,8,50,85
,2016.12.13 11:48,5.1E5,4.1E5,1.1E5,102,21,81,79%,12.7,11.0,90.0000,8,50,85
,2016.12.13 11:49,5.3E5,4.7E5,6.0E4,106,12,94,89%,13.6,9.5,90.0000,8,50,85
,2016.12.13 11:50,5.3E5,4.8E5,5.0E4,105,9,96,91%,12.6,6.9,90.0000,8,50,85
,2016.12.15 18:39,1.2E6,1.1E6,9.0E4,241,18,223,93%,11.7,7.3,90.0000,8,50,85
,2016.12.16 15:32,2.8E6,2.6E6,2.2E5,557,43,514,92%,8.3,4.6,90.0000,8,50,85
,2016.12.16 15:33,2.2E6,2.1E6,1.0E5,429,19,410,96%,7.6,4.0,90.0000,8,50,85
,2016.12.19 15:27,1.0E6,9.7E5,3.0E4,199,6,193,97%,11.8,8.4,90.0000,8,50,85
,2017.01.11 10:46,9.9E5,9.2E5,7.0E4,197,14,183,93%,11.6,6.2,90.0000,8,50,85
,2017.01.11 10:52,9.5E5,8.7E5,9.0E4,189,17,172,91%,13.0,6.5,90.0000,8,50,85
,2017.01.11 10:55,1.0E6,9.3E5,1.0E5,204,19,185,91%,12.4,6.5,90.0000,8,50,85
,2017.01.12 10:29,1.1E6,9.8E5,8.0E4,210,15,195,93%,12.2,6.9,90.0000,8,50,85
,2017.01.12 10:30,1.6E6,1.5E6,8.0E4,314,15,299,95%,12.3,8.2,90.0000,8,50,85
,2017.01.12 10:32,1.2E6,1.2E6,4.0E4,237,8,229,97%,12.0,6.0,90.0000,8,50,85
,2017.01.12 10:34,9.4E5,8.8E5,7.0E4,187,13,174,93%,12.3,6.4,90.0000,8,50,85
,2017.01.12 10:36,1.1E6,1.1E6,3.0E4,217,6,211,97%,12.6,5.5,90.0000,8,50,85
,2017.01.12 10:38,1.4E6,1.3E6,1.2E5,284,24,260,92%,13.9,14.8,90.0000,8,50,85
,2017.01.12 10:41,5.0E5,4.5E5,6.0E4,100,11,89,89%,11.9,8.6,90.0000,8,50,85
,2017.01.17 13:05,1.6E6,1.5E6,9.0E4,320,18,302,94%,13.1,7.9,90.0000,8,50,85
,2017.01.17 13:06,1.6E6,1.5E6,1.4E5,327,27,300,92%,12.6,6.5,90.0000,8,50,85
,2017.01.17 14:02,1.5E6,1.4E6,9.0E4,300,17,283,94%,12.5,8.7,90.0000,8,50,85
,2017.01.19 10:40,1.6E6,1.5E6,8.0E4,313,16,297,95%,12.2,8.4,90.0000,8,50,85
,2017.01.20 10:48,8.9E5,8.4E5,6.0E4,177,11,166,94%,12.0,7.8,90.0000,8,50,85
,2017.01.20 10:49,1.0E6,9.1E5,9.0E4,199,18,181,91%,12.6,7.8,90.0000,8,50,85
,2017.01.20 10:50,1.2E6,1.1E6,1.0E5,237,20,217,92%,12.4,10.3,90.0000,8,50,85
,2017.01.20 10:52,6.9E5,6.0E5,9.0E4,137,18,119,87%,12.6,8.6,90.0000,8,50,85
,2017.01.20 10:55,1.2E6,1.1E6,2.0E4,230,4,226,98%,14.2,8.4,90.0000,8,50,85
,2017.01.20 10:56,1.0E6,9.9E5,1.0E4,198,2,196,99%,14.3,7.1,90.0000,8,50,85
,2017.01.20 10:58,9.5E5,9.4E5,1.0E4,188,1,187,99%,14.4,5.1,90.0000,8,50,85
,2017.01.20 11:00,9.0E5,8.6E5,4.0E4,178,8,170,96%,15.1,11.4,90.0000,8,50,85
,2017.01.20 17:05,2.7E5,2.7E5,1.0E4,54,1,53,98%,5.5,3.9,90.0000,8,50,85
,2017.01.20 17:06,9.0E4,9.0E4,0.0E4,18,0,18,100%,4.9,3.9,90.0000,8,50,85
,2017.01.20 17:08,1.9E5,1.8E5,1.0E4,37,2,35,95%,5.2,4.1,90.0000,8,50,85
,2017.01.20 17:09,2.8E5,2.8E5,0.0E4,55,0,55,100%,5.1,4.0,90.0000,8,50,85
,2017.01.20 17:30,1.6E5,1.1E5,5.0E4,32,10,22,69%,5.5,4.0,90.0000,8,50,85
,2017.01.20 17:32,2.3E5,1.9E5,4.0E4,45,7,38,84%,5.4,3.9,90.0000,8,50,85
,2017.01.20 17:33,2.0E4,2.0E4,1.0E4,4,1,3,75%,4.6,3.6,90.0000,8,50,85
,2017.01.20 17:35,1.5E5,1.4E5,1.0E4,29,2,27,93%,31.0,7.0,90.0000,8,50,85
,2017.01.20 17:37,1.0E5,2.0E4,8.0E4,19,15,4,21%,5.3,4.5,90.0000,8,50,85
,2017.01.21 14:11,4.6E5,1.1E5,3.6E5,92,71,21,23%,20.5,10.1,90.0000,8,50,85
,2017.01.21 14:13,4.3E5,3.7E5,7.0E4,86,13,73,85%,16.0,8.2,90.0000,8,50,85
,2017.01.24 16:04,4.6E5,4.4E5,2.0E4,92,4,88,96%,15.6,7.4,90.0000,8,50,85
,2017.01.25 13:18,1.6E6,1.5E6,6.0E4,319,12,307,96%,13.4,8.7,90.0000,8,50,85
,2017.01.26 10:29,1.1E6,9.6E5,1.0E5,209,19,190,91%,12.3,11.4,90.0000,8,50,85
,2017.01.26 16:34,1.0E6,9.7E5,3.0E4,199,6,193,97%,13.7,11.8,90.0000,8,50,85
,2017.01.26 16:36,8.8E5,8.3E5,5.0E4,174,10,164,94%,12.9,11.3,90.0000,8,50,85
,2017.01.26 16:37,1.0E6,9.7E5,5.0E4,202,9,193,96%,13.0,6.4,90.0000,8,50,85
,2017.01.26 16:38,7.2E5,6.4E5,8.0E4,143,15,128,90%,13.9,11.6,90.0000,8,50,85
,2017.01.26 16:42,1.2E6,1.2E6,2.0E4,240,4,236,98%,12.9,6.3,90.0000,8,50,85
,2017.01.26 16:43,7.6E5,7.3E5,3.0E4,150,6,144,96%,13.2,8.9,90.0000,8,50,85
,2017.01.26 16:44,1.1E6,1.0E6,6.0E4,215,11,204,95%,13.0,7.7,90.0000,8,50,85
,2017.01.26 16:45,6.9E5,5.9E5,1.0E5,138,20,118,86%,13.3,9.5,90.0000,8,50,85
,2017.01.27 19:26,6.9E5,6.7E5,2.0E4,137,3,134,98%,17.4,5.5,90.0000,8,50,85
,2017.01.28 17:15,5.2E5,5.2E5,1.0E4,104,1,103,99%,22.0,5.6,90.0000,8,50,85
,2017.01.30 11:21,1.3E6,1.1E6,1.3E5,251,25,226,90%,11.8,9.4,90.0000,8,50,85
,2017.01.31 17:41,5.5E5,5.5E5,1.0E4,110,1,109,99%,16.3,7.0,90.0000,8,50,85
,2017.02.01 14:50,1.1E6,1.0E6,9.0E4,217,17,200,92%,15.2,8.5,90.0000,8,50,85
,2017.02.01 16:27,9.4E5,9.3E5,2.0E4,187,3,184,98%,18.8,5.9,90.0000,8,50,85
,2017.02.02 11:47,1.0E6,9.8E5,5.0E4,204,9,195,96%,14.2,6.8,90.0000,8,50,85
,2017.02.03 18:28,6.3E5,6.1E5,2.0E4,126,4,122,97%,17.3,7.4,90.0000,8,50,85
,2017.02.03 18:31,7.0E5,6.8E5,2.0E4,139,4,135,97%,17.1,6.5,90.0000,8,50,85
,2017.02.09 11:25,2.0E6,1.9E6,1.0E5,400,20,380,95%,11.9,14.2,90.0000,8,50,85
,2017.02.13 13:22,1.3E6,1.1E6,2.5E5,262,49,213,81%,11.4,8.8,90.0000,8,50,85
,2017.02.13 13:25,1.4E6,1.1E6,2.5E5,269,49,220,82%,11.4,7.4,90.0000,8,50,85
,2017.02.13 13:41,1.4E6,1.1E6,2.4E5,270,47,223,83%,11.5,8.2,90.0000,8,50,85
,2017.02.14 13:55,1.4E6,1.1E6,3.8E5,284,75,209,74%,11.8,6.9,90.0000,8,50,85
,2017.02.14 13:56,1.3E6,9.1E5,4.3E5,266,86,180,68%,11.8,6.8,90.0000,8,50,85
,2017.02.14 13:59,1.1E6,8.6E5,2.9E5,227,57,170,75%,11.3,7.5,90.0000,8,50,85
,2017.02.14 14:01,1.2E6,8.8E5,3.3E5,239,65,174,73%,11.5,7.5,90.0000,8,50,85
,2017.02.14 14:02,1.3E6,9.4E5,3.7E5,260,73,187,72%,12.0,7.5,90.0000,8,50,85
,2017.02.14 14:04,1.4E6,1.1E6,3.6E5,284,71,213,75%,12.1,8.0,90.0000,8,50,85
,2017.02.14 14:06,1.5E6,1.2E6,3.2E5,306,64,242,79%,11.5,7.9,90.0000,8,50,85
,2017.02.14 14:07,1.7E6,1.3E6,4.0E5,335,79,256,76%,11.9,7.7,90.0000,8,50,85
,2017.02.17 14:15,5.3E5,4.5E5,8.0E4,105,16,89,85%,10.8,9.2,90.0000,8,50,85
,2017.02.17 14:19,5.3E6,5.1E6,1.4E5,1049,28,1021,97%,10.7,7.6,90.0000,8,50,85
,2017.02.20 17:02,1.4E6,1.2E6,2.0E5,284,39,245,86%,12.4,13.0,90.0000,8,50,85
,2017.02.22 10:28,9.9E6,9.6E6,2.8E5,1969,56,1913,97%,11.7,6.5,90.0000,8,50,85
,2017.02.22 11:12,5.4E6,5.2E6,1.9E5,1080,38,1042,96%,13.5,7.9,90.0000,8,50,85
,2017.02.27 16:29,1.1E6,9.9E5,1.1E5,218,21,197,90%,12.3,9.0,90.0000,8,50,85
,2017.02.28 11:17,1.2E6,1.1E6,7.0E4,233,14,219,94%,12.0,8.8,90.0000,8,50,85
,2017.03.06 12:20,1.1E6,9.7E5,1.4E5,221,28,193,87%,11.8,7.8,90.0000,8,50,85
,2017.03.08 16:45,1.1E6,1.1E6,6.0E4,226,12,214,95%,12.2,7.6,90.0000,8,50,85
,2017.03.16 09:30,1.4E6,1.2E6,2.1E5,273,42,231,85%,11.2,7.8,90.0000,8,50,85
,2017.03.17 15:52,2.0E4,2.0E4,0.0E4,3,0,3,100%,15.7,6.3,90.0000,8,50,85
,2017.03.17 15:53,7.1E5,3.8E5,3.3E5,141,66,75,53%,11.5,7.0,90.0000,8,50,85
,2017.03.20 09:36,1.5E6,1.2E6,3.4E5,299,68,231,77%,11.1,7.5,90.0000,8,50,85
,2017.03.21 13:48,1.5E5,1.3E5,2.0E4,29,3,26,90%,17.7,11.7,90.0000,8,50,85
,2017.03.21 13:49,8.5E5,7.5E5,1.0E5,169,20,149,88%,12.0,7.8,90.0000,8,50,85
,2017.03.21 13:51,5.7E5,4.6E5,1.1E5,113,22,91,81%,13.3,12.7,90.0000,8,50,85
,2017.03.21 13:52,1.4E6,1.2E6,2.2E5,281,44,237,84%,15.0,14.6,90.0000,8,50,85
,2017.03.27 09:48,1.6E6,1.5E6,1.3E5,316,26,290,92%,13.2,8.2,90.0000,8,50,85
SaSave data count :733:
